{"cameraMode":{"drawMode":0,"name":"Shaded","section":"Shading Mode"},"sceneLighting":false,"audioPlay":false,"sceneViewState":{"showFog":true,"showMaterialUpdate":false,"showSkybox":false,"showFlares":true,"showImageEffects":true,"showParticleSystems":true},"in2DMode":false,"pivot":{"x":12.046526908874512,"y":3.4114603996276857,"z":-12.305039405822754},"rotation":{"x":-0.07652782648801804,"y":-0.0717802569270134,"z":0.005690692458301783,"w":-0.9945363402366638},"size":1.1853266954421998,"orthographic":false}