{"cameraMode":{"drawMode":0,"name":"Shaded","section":"Shading Mode"},"sceneLighting":false,"audioPlay":false,"sceneViewState":{"showFog":true,"showMaterialUpdate":false,"showSkybox":false,"showFlares":true,"showImageEffects":true,"showParticleSystems":true},"in2DMode":false,"pivot":{"x":124.27667999267578,"y":-230.02516174316407,"z":1231.753173828125},"rotation":{"x":0.09454622864723206,"y":0.05106264352798462,"z":-0.0048421104438602928,"w":0.9942214488983154},"size":635.13037109375,"orthographic":false}