{"cameraMode":{"drawMode":0,"name":"Shaded","section":"Shading Mode"},"sceneLighting":true,"audioPlay":false,"sceneViewState":{"showFog":true,"showMaterialUpdate":false,"showSkybox":true,"showFlares":true,"showImageEffects":true,"showParticleSystems":true},"in2DMode":false,"pivot":{"x":19.682395935058595,"y":2.444976806640625,"z":1.8106002807617188},"rotation":{"x":-0.025038793683052064,"y":-0.2362402081489563,"z":0.006255597807466984,"w":-0.9714259505271912},"size":10.449999809265137,"orthographic":false}